Model,Accuracy,Precision,Recall,F1 Score,ROC-AUC,Avg Precision
gradient_boosting_baseline,0.5200130165961601,0.49551307062036676,0.8746556473829201,0.6326276463262764,0.7830038934575977,0.8379352207017967
lightgbm_baseline,0.6072242108688578,0.5490588706447738,0.9442148760330579,0.694353000759686,0.7458427015939214,0.646183468915956
random_forest_baseline,0.5248942401561991,0.4985683607730852,0.959366391184573,0.6561469618464437,0.7153306379934163,0.7337786086958555
xgboost_baseline,0.5974617637487797,0.5424397947098303,0.9462809917355371,0.689585947302384,0.708975940777298,0.695244040677653
logistic_regression_baseline,0.4806378132118451,0.4763779527559055,1.0,0.6453333333333333,0.5634840922261707,0.5566553799492546
