{
  "random_forest_baseline": {
    "training": {
      "cv_roc_auc_mean": 0.9986734436074223,
      "cv_roc_auc_std": 0.0006002528756986785,
      "train_accuracy": 0.9834181078331637,
      "train_precision": 0.9854910714285714,
      "train_recall": 0.9884855269470654,
      "train_f1": 0.9869860279441117,
      "train_roc_auc": 0.9992023957099977,
      "train_avg_precision": 0.9995491548808375,
      "val_accuracy": 0.98413344182262,
      "val_precision": 0.9847328244274809,
      "val_recall": 0.9904030710172744,
      "val_f1": 0.9875598086124402,
      "val_roc_auc": 0.9990478130797027,
      "val_avg_precision": 0.9994655363481879
    },
    "test": {
      "accuracy": 0.5248942401561991,
      "precision": 0.4985683607730852,
      "recall": 0.959366391184573,
      "f1": 0.6561469618464437,
      "roc_auc": 0.7153306379934163,
      "avg_precision": 0.7337786086958555,
      "confusion_matrix": [
        [
          220,
          1401
        ],
        [
          59,
          1393
        ]
      ],
      "tn": 220,
      "fp": 1401,
      "fn": 59,
      "tp": 1393,
      "classification_report": {
        "0": {
          "precision": 0.7885304659498208,
          "recall": 0.13571869216533003,
          "f1-score": 0.23157894736842105,
          "support": 1621.0
        },
        "1": {
          "precision": 0.4985683607730852,
          "recall": 0.959366391184573,
          "f1-score": 0.6561469618464437,
          "support": 1452.0
        },
        "accuracy": 0.5248942401561991,
        "macro avg": {
          "precision": 0.643549413361453,
          "recall": 0.5475425416749515,
          "f1-score": 0.4438629546074324,
          "support": 3073.0
        },
        "weighted avg": {
          "precision": 0.6515226635688836,
          "recall": 0.5248942401561991,
          "f1-score": 0.4321883704149843,
          "support": 3073.0
        }
      },
      "feature_importance": {
        "day_of_year": 0.18906938939715695,
        "week_of_year": 0.14080647258577234,
        "dateInSeconds": 0.11857557544784171,
        "cluster_id": 0.11639831039158188,
        "day": 0.1028614438431694,
        "cluster_outage_rate_30d": 0.08528954286527407,
        "outages_last_30d": 0.07905995200090887,
        "outages_last_7d": 0.03507799836559902,
        "cluster_outage_rate_7d": 0.03270867622554597,
        "day_of_week": 0.023810619120750016,
        "season_short_rains": 0.01960053298256254,
        "days_since_last_outage": 0.016074709917736362,
        "quarter": 0.014411734363600852,
        "is_weekend": 0.01197885029607064,
        "season_long_rains": 0.007500508760756789,
        "year": 0.006775683435672561
      }
    }
  },
  "gradient_boosting_baseline": {
    "training": {
      "cv_roc_auc_mean": 0.999662892590799,
      "cv_roc_auc_std": 0.00020015947591424735,
      "train_accuracy": 0.9950152594099695,
      "train_precision": 0.9944214217405164,
      "train_recall": 0.9977610746841516,
      "train_f1": 0.9960884489502674,
      "train_roc_auc": 0.9999256940397991,
      "train_avg_precision": 0.9999583301633884,
      "val_accuracy": 0.9922701383238405,
      "val_precision": 0.9923469387755102,
      "val_recall": 0.9955214331413947,
      "val_f1": 0.9939316512296391,
      "val_roc_auc": 0.9998498804404937,
      "val_avg_precision": 0.9999147552326353
    },
    "test": {
      "accuracy": 0.5200130165961601,
      "precision": 0.49551307062036676,
      "recall": 0.8746556473829201,
      "f1": 0.6326276463262764,
      "roc_auc": 0.7830038934575977,
      "avg_precision": 0.8379352207017967,
      "confusion_matrix": [
        [
          328,
          1293
        ],
        [
          182,
          1270
        ]
      ],
      "tn": 328,
      "fp": 1293,
      "fn": 182,
      "tp": 1270,
      "classification_report": {
        "0": {
          "precision": 0.6431372549019608,
          "recall": 0.202344231955583,
          "f1-score": 0.30783669638667294,
          "support": 1621.0
        },
        "1": {
          "precision": 0.49551307062036676,
          "recall": 0.8746556473829201,
          "f1-score": 0.6326276463262764,
          "support": 1452.0
        },
        "accuracy": 0.5200130165961601,
        "macro avg": {
          "precision": 0.5693251627611637,
          "recall": 0.5384999396692516,
          "f1-score": 0.47023217135647466,
          "support": 3073.0
        },
        "weighted avg": {
          "precision": 0.5733844675355845,
          "recall": 0.5200130165961601,
          "f1-score": 0.461301212921754,
          "support": 3073.0
        }
      },
      "feature_importance": {
        "day_of_year": 0.28727829468134225,
        "cluster_id": 0.1568068575584198,
        "dateInSeconds": 0.15133302096895332,
        "day": 0.13228139283434806,
        "cluster_outage_rate_30d": 0.07138293792111436,
        "week_of_year": 0.05432034978396629,
        "outages_last_30d": 0.04715148241052845,
        "outages_last_7d": 0.02299315475374567,
        "day_of_week": 0.022523366284652888,
        "cluster_outage_rate_7d": 0.021814902090550925,
        "days_since_last_outage": 0.016953724202815375,
        "quarter": 0.004375195858874808,
        "season_long_rains": 0.004011635941710278,
        "is_weekend": 0.003971716781973882,
        "year": 0.002219350722164493,
        "season_short_rains": 0.0005826172048390103
      }
    }
  },
  "logistic_regression_baseline": {
    "training": {
      "cv_roc_auc_mean": 0.5564030221966897,
      "cv_roc_auc_std": 0.015247046097934624,
      "train_accuracy": 0.5184130213631739,
      "train_precision": 0.6497732202721357,
      "train_recall": 0.5269470654086039,
      "train_f1": 0.5819498410455669,
      "train_roc_auc": 0.5562177121713476,
      "train_avg_precision": 0.6605984432121017,
      "val_accuracy": 0.5134255492270138,
      "val_precision": 0.644602048857368,
      "val_recall": 0.5233525271912988,
      "val_f1": 0.577683615819209,
      "val_roc_auc": 0.5476468759047384,
      "val_avg_precision": 0.6493809717593947
    },
    "test": {
      "accuracy": 0.4806378132118451,
      "precision": 0.4763779527559055,
      "recall": 1.0,
      "f1": 0.6453333333333333,
      "roc_auc": 0.5634840922261707,
      "avg_precision": 0.5566553799492546,
      "confusion_matrix": [
        [
          25,
          1596
        ],
        [
          0,
          1452
        ]
      ],
      "tn": 25,
      "fp": 1596,
      "fn": 0,
      "tp": 1452,
      "classification_report": {
        "0": {
          "precision": 1.0,
          "recall": 0.015422578655151141,
          "f1-score": 0.030376670716889428,
          "support": 1621.0
        },
        "1": {
          "precision": 0.4763779527559055,
          "recall": 1.0,
          "f1-score": 0.6453333333333333,
          "support": 1452.0
        },
        "accuracy": 0.4806378132118451,
        "macro avg": {
          "precision": 0.7381889763779528,
          "recall": 0.5077112893275756,
          "f1-score": 0.3378550020251114,
          "support": 3073.0
        },
        "weighted avg": {
          "precision": 0.7525873047190286,
          "recall": 0.4806378132118451,
          "f1-score": 0.32094519467363414,
          "support": 3073.0
        }
      }
    }
  },
  "xgboost_baseline": {
    "training": {
      "cv_roc_auc_mean": 0.9997574677188357,
      "cv_roc_auc_std": 0.0001508896235407087,
      "train_accuracy": 0.9963377416073245,
      "train_precision": 0.9998392024441228,
      "train_recall": 0.994402686710379,
      "train_f1": 0.9971135343168698,
      "train_roc_auc": 0.9999524745874286,
      "train_avg_precision": 0.9999734387153594,
      "val_accuracy": 0.9938974776240846,
      "val_precision": 1.0,
      "val_recall": 0.9904030710172744,
      "val_f1": 0.9951783992285439,
      "val_roc_auc": 0.9998806192074402,
      "val_avg_precision": 0.9999335894596384
    },